{"Packages":[{"Package":{"Id":"UiPath.Mail.Activities","Version":"1.3.0"},"Assemblies":["C:\\Users\\Admin'\\.nuget\\packages\\bouncycastle/1.8.1\\lib/BouncyCastle.Crypto.dll","C:\\Users\\Admin'\\.nuget\\packages\\microsoft.exchange.webservices/2.2.0\\lib/40/Microsoft.Exchange.WebServices.Auth.dll","C:\\Users\\Admin'\\.nuget\\packages\\microsoft.exchange.webservices/2.2.0\\lib/40/Microsoft.Exchange.WebServices.dll","C:\\Users\\Admin'\\.nuget\\packages\\uipath.mail.activities/1.3.0\\lib/net452/MailKit.dll","C:\\Users\\Admin'\\.nuget\\packages\\uipath.mail.activities/1.3.0\\lib/net452/MimeKit.dll","C:\\Users\\Admin'\\.nuget\\packages\\uipath.mail.activities/1.3.0\\lib/net452/UiPath.Mail.Activities.Design.dll","C:\\Users\\Admin'\\.nuget\\packages\\uipath.mail.activities/1.3.0\\lib/net452/UiPath.Mail.Activities.dll","C:\\Users\\Admin'\\.nuget\\packages\\uipath.mail.activities/1.3.0\\lib/net452/UiPath.Mail.dll"]},{"Package":{"Id":"UiPath.Credentials.Activities","Version":"1.1.6479.13204"},"Assemblies":["C:\\Users\\Admin'\\.nuget\\packages\\credentialmanagement/1.0.2\\lib/net35/CredentialManagement.dll","C:\\Users\\Admin'\\.nuget\\packages\\uipath.credentials.activities/1.1.6479.13204\\lib/net40-client/UiPath.Credentials.Activities.dll"]},{"Package":{"Id":"UiPath.Excel.Activities","Version":"2.5.2"},"Assemblies":["C:\\Users\\Admin'\\.nuget\\packages\\closedxml/0.87.1\\lib/net40/ClosedXML.dll","C:\\Users\\Admin'\\.nuget\\packages\\csvhelper/2.13.5\\lib/net40-client/CsvHelper.dll","C:\\Users\\Admin'\\.nuget\\packages\\documentformat.openxml/2.5.0\\lib/DocumentFormat.OpenXml.dll","C:\\Users\\Admin'\\.nuget\\packages\\microsoft.visualstudio.ole.interop/7.10.6071\\lib/Microsoft.VisualStudio.OLE.Interop.dll","C:\\Users\\Admin'\\.nuget\\packages\\npoi/2.4.1\\lib/net45/NPOI.OOXML.dll","C:\\Users\\Admin'\\.nuget\\packages\\npoi/2.4.1\\lib/net45/NPOI.OpenXml4Net.dll","C:\\Users\\Admin'\\.nuget\\packages\\npoi/2.4.1\\lib/net45/NPOI.OpenXmlFormats.dll","C:\\Users\\Admin'\\.nuget\\packages\\npoi/2.4.1\\lib/net45/NPOI.dll","C:\\Users\\Admin'\\.nuget\\packages\\sharpziplib/1.0.0\\lib/net45/ICSharpCode.SharpZipLib.dll","C:\\Users\\Admin'\\.nuget\\packages\\uipath.excel.activities/2.5.2\\lib/net452/UiPath.Excel.Activities.Design.dll","C:\\Users\\Admin'\\.nuget\\packages\\uipath.excel.activities/2.5.2\\lib/net452/UiPath.Excel.Activities.dll","C:\\Users\\Admin'\\.nuget\\packages\\uipath.excel.activities/2.5.2\\lib/net452/UiPath.Excel.dll"]},{"Package":{"Id":"UiPath.System.Activities","Version":"19.3.0"},"Assemblies":["C:\\Users\\Admin'\\.nuget\\packages\\csvhelper/2.13.5\\lib/net40-client/CsvHelper.dll","C:\\Users\\Admin'\\.nuget\\packages\\microsoft.rest.clientruntime/2.3.10\\lib/net452/Microsoft.Rest.ClientRuntime.dll","C:\\Users\\Admin'\\.nuget\\packages\\newtonsoft.json/11.0.2\\lib/net45/Newtonsoft.Json.dll","C:\\Users\\Admin'\\.nuget\\packages\\uipath.system.activities/19.3.0\\lib/net461/ActiproSoftware.Docking.Wpf.dll","C:\\Users\\Admin'\\.nuget\\packages\\uipath.system.activities/19.3.0\\lib/net461/ActiproSoftware.Ribbon.Wpf.dll","C:\\Users\\Admin'\\.nuget\\packages\\uipath.system.activities/19.3.0\\lib/net461/ActiproSoftware.Shared.Wpf.dll","C:\\Users\\Admin'\\.nuget\\packages\\uipath.system.activities/19.3.0\\lib/net461/ActiproSoftware.SyntaxEditor.Addons.DotNet.Wpf.dll","C:\\Users\\Admin'\\.nuget\\packages\\uipath.system.activities/19.3.0\\lib/net461/ActiproSoftware.SyntaxEditor.Wpf.dll","C:\\Users\\Admin'\\.nuget\\packages\\uipath.system.activities/19.3.0\\lib/net461/ActiproSoftware.Text.Addons.DotNet.Wpf.dll","C:\\Users\\Admin'\\.nuget\\packages\\uipath.system.activities/19.3.0\\lib/net461/ActiproSoftware.Text.LLParser.Wpf.dll","C:\\Users\\Admin'\\.nuget\\packages\\uipath.system.activities/19.3.0\\lib/net461/ActiproSoftware.Text.Wpf.dll","C:\\Users\\Admin'\\.nuget\\packages\\uipath.system.activities/19.3.0\\lib/net461/ActiproSoftware.Wizard.Wpf.dll","C:\\Users\\Admin'\\.nuget\\packages\\uipath.system.activities/19.3.0\\lib/net461/UiPath.OrchestratorClient.dll","C:\\Users\\Admin'\\.nuget\\packages\\uipath.system.activities/19.3.0\\lib/net461/UiPath.System.Activities.Design.dll","C:\\Users\\Admin'\\.nuget\\packages\\uipath.system.activities/19.3.0\\lib/net461/UiPath.System.Activities.dll"]},{"Package":{"Id":"UiPath.UIAutomation.Activities","Version":"19.3.0"},"Assemblies":["C:\\Users\\Admin'\\.nuget\\packages\\avalonedit/5.0.3\\lib/Net40/ICSharpCode.AvalonEdit.dll","C:\\Users\\Admin'\\.nuget\\packages\\extended.wpf.toolkit/2.8.0\\lib/net40/Xceed.Wpf.AvalonDock.Themes.Aero.dll","C:\\Users\\Admin'\\.nuget\\packages\\extended.wpf.toolkit/2.8.0\\lib/net40/Xceed.Wpf.AvalonDock.Themes.Metro.dll","C:\\Users\\Admin'\\.nuget\\packages\\extended.wpf.toolkit/2.8.0\\lib/net40/Xceed.Wpf.AvalonDock.Themes.VS2010.dll","C:\\Users\\Admin'\\.nuget\\packages\\extended.wpf.toolkit/2.8.0\\lib/net40/Xceed.Wpf.AvalonDock.dll","C:\\Users\\Admin'\\.nuget\\packages\\extended.wpf.toolkit/2.8.0\\lib/net40/Xceed.Wpf.DataGrid.dll","C:\\Users\\Admin'\\.nuget\\packages\\extended.wpf.toolkit/2.8.0\\lib/net40/Xceed.Wpf.Toolkit.dll","C:\\Users\\Admin'\\.nuget\\packages\\humanizer.core/2.4.2\\lib/netstandard2.0/Humanizer.dll","C:\\Users\\Admin'\\.nuget\\packages\\uipath/10.0.7004.31775\\lib/UiPath.Interop.dll","C:\\Users\\Admin'\\.nuget\\packages\\uipath.uiautomation.activities/19.3.0\\lib/net461/ActiproSoftware.Docking.Wpf.dll","C:\\Users\\Admin'\\.nuget\\packages\\uipath.uiautomation.activities/19.3.0\\lib/net461/ActiproSoftware.Editors.Wpf.dll","C:\\Users\\Admin'\\.nuget\\packages\\uipath.uiautomation.activities/19.3.0\\lib/net461/ActiproSoftware.Ribbon.Wpf.dll","C:\\Users\\Admin'\\.nuget\\packages\\uipath.uiautomation.activities/19.3.0\\lib/net461/ActiproSoftware.Shared.Wpf.dll","C:\\Users\\Admin'\\.nuget\\packages\\uipath.uiautomation.activities/19.3.0\\lib/net461/ActiproSoftware.SyntaxEditor.Addons.DotNet.Wpf.dll","C:\\Users\\Admin'\\.nuget\\packages\\uipath.uiautomation.activities/19.3.0\\lib/net461/ActiproSoftware.SyntaxEditor.Wpf.dll","C:\\Users\\Admin'\\.nuget\\packages\\uipath.uiautomation.activities/19.3.0\\lib/net461/ActiproSoftware.Text.Addons.DotNet.Wpf.dll","C:\\Users\\Admin'\\.nuget\\packages\\uipath.uiautomation.activities/19.3.0\\lib/net461/ActiproSoftware.Text.LLParser.Wpf.dll","C:\\Users\\Admin'\\.nuget\\packages\\uipath.uiautomation.activities/19.3.0\\lib/net461/ActiproSoftware.Text.Wpf.dll","C:\\Users\\Admin'\\.nuget\\packages\\uipath.uiautomation.activities/19.3.0\\lib/net461/ActiproSoftware.Wizard.Wpf.dll","C:\\Users\\Admin'\\.nuget\\packages\\uipath.uiautomation.activities/19.3.0\\lib/net461/UiPath.UIAutomation.Activities.Design.dll","C:\\Users\\Admin'\\.nuget\\packages\\uipath.uiautomation.activities/19.3.0\\lib/net461/UiPath.UiAutomation.Activities.dll","C:\\Users\\Admin'\\.nuget\\packages\\uipath.uiautomation.activities/19.3.0\\lib/net461/UiPath.Wizards.dll","C:\\Users\\Admin'\\.nuget\\packages\\uipath.vision/1.4.0\\lib/net452/UiPath.Vision.AbbyyCloud.dll","C:\\Users\\Admin'\\.nuget\\packages\\uipath.vision/1.4.0\\lib/net452/UiPath.Vision.AbbyyFRE11.dll","C:\\Users\\Admin'\\.nuget\\packages\\uipath.vision/1.4.0\\lib/net452/UiPath.Vision.AbbyyFRE12.dll","C:\\Users\\Admin'\\.nuget\\packages\\uipath.vision/1.4.0\\lib/net452/UiPath.Vision.AbbyyFRECommon.dll","C:\\Users\\Admin'\\.nuget\\packages\\uipath.vision/1.4.0\\lib/net452/UiPath.Vision.AzureComputerVision.dll","C:\\Users\\Admin'\\.nuget\\packages\\uipath.vision/1.4.0\\lib/net452/UiPath.Vision.Core.dll","C:\\Users\\Admin'\\.nuget\\packages\\uipath.vision/1.4.0\\lib/net452/UiPath.Vision.GoogleCloud.dll","C:\\Users\\Admin'\\.nuget\\packages\\uipath.vision/1.4.0\\lib/net452/UiPath.Vision.Microsoft.dll","C:\\Users\\Admin'\\.nuget\\packages\\uipath.vision/1.4.0\\lib/net452/UiPath.Vision.MicrosoftCloud.dll","C:\\Users\\Admin'\\.nuget\\packages\\uipath.vision/1.4.0\\lib/net452/UiPath.Vision.Tesseract.dll","C:\\Users\\Admin'\\.nuget\\packages\\uipath.vision/1.4.0\\lib/net452/UiPath.Vision.dll"]},{"Package":{"Id":"UiPath.Word.Activities","Version":"1.3.0"},"Assemblies":["C:\\Users\\Admin'\\.nuget\\packages\\docx/1.0.0.18\\lib/net40/DocX.dll","C:\\Users\\Admin'\\.nuget\\packages\\uipath.word.activities/1.3.0\\lib/net452/UiPath.Word.Activities.Design.dll","C:\\Users\\Admin'\\.nuget\\packages\\uipath.word.activities/1.3.0\\lib/net452/UiPath.Word.Activities.dll","C:\\Users\\Admin'\\.nuget\\packages\\uipath.word.activities/1.3.0\\lib/net452/UiPath.Word.dll"]},{"Package":{"Id":"UiPath.WebAPI.Activities","Version":"1.4.0"},"Assemblies":["C:\\Users\\Admin'\\.nuget\\packages\\avalonedit/5.0.3\\lib/Net40/ICSharpCode.AvalonEdit.dll","C:\\Users\\Admin'\\.nuget\\packages\\newtonsoft.json/11.0.2\\lib/net45/Newtonsoft.Json.dll","C:\\Users\\Admin'\\.nuget\\packages\\restsharp/106.3.1\\lib/net452/RestSharp.dll","C:\\Users\\Admin'\\.nuget\\packages\\uipath.webapi.activities/1.4.0\\lib/net452/UiPath.Web.Activities.Design.dll","C:\\Users\\Admin'\\.nuget\\packages\\uipath.webapi.activities/1.4.0\\lib/net452/UiPath.Web.Activities.dll","C:\\Users\\Admin'\\.nuget\\packages\\uipath.webapi.activities/1.4.0\\lib/net452/UiPath.Web.dll"]},{"Package":{"Id":"UiPath.Vision","Version":"1.4.0"},"Assemblies":["C:\\Users\\Admin'\\.nuget\\packages\\uipath.vision/1.4.0\\lib/net452/UiPath.Vision.AbbyyCloud.dll","C:\\Users\\Admin'\\.nuget\\packages\\uipath.vision/1.4.0\\lib/net452/UiPath.Vision.AbbyyFRE11.dll","C:\\Users\\Admin'\\.nuget\\packages\\uipath.vision/1.4.0\\lib/net452/UiPath.Vision.AbbyyFRE12.dll","C:\\Users\\Admin'\\.nuget\\packages\\uipath.vision/1.4.0\\lib/net452/UiPath.Vision.AbbyyFRECommon.dll","C:\\Users\\Admin'\\.nuget\\packages\\uipath.vision/1.4.0\\lib/net452/UiPath.Vision.AzureComputerVision.dll","C:\\Users\\Admin'\\.nuget\\packages\\uipath.vision/1.4.0\\lib/net452/UiPath.Vision.Core.dll","C:\\Users\\Admin'\\.nuget\\packages\\uipath.vision/1.4.0\\lib/net452/UiPath.Vision.GoogleCloud.dll","C:\\Users\\Admin'\\.nuget\\packages\\uipath.vision/1.4.0\\lib/net452/UiPath.Vision.Microsoft.dll","C:\\Users\\Admin'\\.nuget\\packages\\uipath.vision/1.4.0\\lib/net452/UiPath.Vision.MicrosoftCloud.dll","C:\\Users\\Admin'\\.nuget\\packages\\uipath.vision/1.4.0\\lib/net452/UiPath.Vision.Tesseract.dll","C:\\Users\\Admin'\\.nuget\\packages\\uipath.vision/1.4.0\\lib/net452/UiPath.Vision.dll"]},{"Package":{"Id":"UiPath.PDF.Activities","Version":"1.3.1"},"Assemblies":["C:\\Users\\Admin'\\.nuget\\packages\\uipath.pdf.activities/1.3.1\\lib/net452/UiPath.PDF.Activities.Design.dll","C:\\Users\\Admin'\\.nuget\\packages\\uipath.pdf.activities/1.3.1\\lib/net452/UiPath.PDF.Activities.dll","C:\\Users\\Admin'\\.nuget\\packages\\uipath.pdf.activities/1.3.1\\lib/net452/UiPath.PDF.dll","C:\\Users\\Admin'\\.nuget\\packages\\uipath.pdf.activities/1.3.1\\lib/net452/x86/pdfium.dll"]},{"Package":{"Id":"UiPath.Database.Activities","Version":"1.2.6863.32528"},"Assemblies":["C:\\Users\\Admin'\\.nuget\\packages\\uipath.database.activities/1.2.6863.32528\\lib/net40-Client/Microsoft.Data.ConnectionUI.Dialog.dll","C:\\Users\\Admin'\\.nuget\\packages\\uipath.database.activities/1.2.6863.32528\\lib/net40-Client/UiPath.Database.Activities.Design.dll","C:\\Users\\Admin'\\.nuget\\packages\\uipath.database.activities/1.2.6863.32528\\lib/net40-Client/UiPath.Database.Activities.dll","C:\\Users\\Admin'\\.nuget\\packages\\uipath.database.activities/1.2.6863.32528\\lib/net40-Client/UiPath.Database.dll"]},{"Package":{"Id":"Microsoft.Activities.Extensions","Version":"2.0.6.9"},"Assemblies":["C:\\Users\\Admin'\\.nuget\\packages\\microsoft.activities.extensions/2.0.6.9\\lib/Net45/Microsoft.Activities.Extensions.Design.dll","C:\\Users\\Admin'\\.nuget\\packages\\microsoft.activities.extensions/2.0.6.9\\lib/Net45/Microsoft.Activities.Extensions.dll"]}],"Conflicts":[]}