{"ProjectBreakpointSettingValue":"{\"Value\":{\"Main.xaml\":[],\"SAP/Validating WithholdingTab.xaml\":[],\"Process.xaml\":[],\"_Test.xaml\":[],\"Framework/InitAllApplications.xaml\":[],\"CM/Case_Manager_Login.xaml\":[],\"Framework/InitAllSettings.xaml\":[],\"SAP/Validating BasicData Tab.xaml\":[],\"SAP/Selecting_LineItems.xaml\":[],\"SAP/Validate_SimulateFields.xaml\":[],\"SAP/Checking_Balancing_LessThanZero.xaml\":[],\"Flowchart.xaml\":[],\"SAP/Validating Details Tab.xaml\":[],\"SAP/PostingComplete.xaml\":[],\"Framework/TakeScreenshot.xaml\":[],\"CM/Clicking_on_Bot PO Processing.xaml\":[],\"Framework/GetTransactionData.xaml\":[],\"SAP/SAP_LOGIN_Standalone.xaml\":[],\"SAP/EnteringDetailsInMIROScreen.xaml\":[],\"CM/ClickingOnUniqueIDs - Copy.xaml\":[],\"CM/InternetStatus.xaml\":[],\"CM/ICMPlugin Popup.xaml\":[],\"CM/Cleanup.xaml\":[],\"SAP/SAP_LoginError.xaml\":[],\"SAP/Checking MIRO screen.xaml\":[],\"testttt.xaml\":[],\"CM/CaseManager_Search.xaml\":[],\"EmptyBasket.xaml\":[],\"SAP/Validating LineItems Fields.xaml\":[],\"CM/ClosingCase in CM.xaml\":[],\"CM/BotProcessing_NO.xaml\":[]}}","ProjectBreakpoints":"{\"Value\":{}}"}